{
  "entries" : [
    {
      "identifier" : "START",
      "message" : "Running Untitled.apitest",
      "timestamp" : "2021-03-18 16:08:10.316 +0000"
    },
    {
      "identifier" : "EndTestCase",
      "message" : "(Duration:\"0.452245\", Errors:\"0\", Exceptions:\"0\", StartTime:\"2021-03-18 16:08:10 +0000\", Successes:\"1\", TestCase:\"Untitled.apitest\", Warnings:\"0\")",
      "timestamp" : "2021-03-18 16:08:10.774 +0000"
    },
    {
      "identifier" : "SUCCESS",
      "message" : "Execution Time 0:00:00 Untitled.apitest",
      "timestamp" : "2021-03-18 16:08:10.793 +0000"
    }
  ],
  "createdTimestamp" : "2021-03-18 16:08:10.321 +0000"
}