﻿<?xml version="1.0" encoding="UTF-8" ?>
<runHistory script="Generic_functions/mobile_input">
 <run>
  <RunDate>2021-03-30 12:24:09.383 +0100</RunDate>
  <Status>Success</Status>
  <Duration>0.009920</Duration>
  <Errors>0</Errors>
  <Warnings>0</Warnings>
  <Exceptions>0</Exceptions>
  <Successes>1</Successes>
  <LogFile>20210330_122409.383/LogFile.txt</LogFile>
  <ReturnValue></ReturnValue>
  <ErrorMessage></ErrorMessage>
 </run>
 <run>
  <RunDate>2021-03-30 12:45:40.897 +0100</RunDate>
  <Status>Success</Status>
  <Duration>0.006290</Duration>
  <Errors>0</Errors>
  <Warnings>0</Warnings>
  <Exceptions>0</Exceptions>
  <Successes>1</Successes>
  <LogFile>20210330_124540.897/LogFile.txt</LogFile>
  <ReturnValue></ReturnValue>
  <ErrorMessage></ErrorMessage>
 </run>
</runHistory>
