﻿<?xml version="1.0" encoding="UTF-8" ?>
<statistics>
 <script name="Features/Payment/payment_actions">
  <LastStatus>Success</LastStatus>
  <NumberOfRuns>1</NumberOfRuns>
  <NumberOfFails>0</NumberOfFails>
  <FirstRun>2021-03-16 16:34:27 +0200</FirstRun>
  <LastRun>2021-03-16 16:34:27 +0200</LastRun>
  <TotalTimeOnSuccess>0.908375</TotalTimeOnSuccess>
 </script>
 <script name="Sandbox/Pay">
  <LastStatus>Success</LastStatus>
  <NumberOfRuns>7</NumberOfRuns>
  <NumberOfFails>0</NumberOfFails>
  <FirstRun>2021-03-15 21:23:08 +0200</FirstRun>
  <LastRun>2021-03-16 15:56:36 +0200</LastRun>
  <TotalTimeOnSuccess>0.041711</TotalTimeOnSuccess>
 </script>
 <script name="Generic_functions/mobile_input">
  <LastStatus>Success</LastStatus>
  <NumberOfRuns>2</NumberOfRuns>
  <NumberOfFails>0</NumberOfFails>
  <FirstRun>2021-03-30 12:24:09 +0100</FirstRun>
  <LastRun>2021-03-30 12:45:40 +0100</LastRun>
  <TotalTimeOnSuccess>0.016210</TotalTimeOnSuccess>
 </script>
</statistics>
