{
  "entries" : [
    {
      "identifier" : "START",
      "message" : "Running Sandbox_scroll.script",
      "timestamp" : "2021-04-08 17:36:47.188 +0100"
    },
    {
      "handlerName" : "on_sandbox_scroll",
      "message" : "com.barclays.absa.banking.uat",
      "timestamp" : "2021-04-08 17:36:47.319 +0100",
      "identifier" : "launchapp",
      "scriptName" : "Sandbox_scroll.script",
      "handlerLine" : 1
    },
    {
      "handlerName" : "on_sandbox_scroll",
      "message" : "REMOTEWORKINTERVAL = 0.1",
      "timestamp" : "2021-04-08 17:36:47.321 +0100",
      "identifier" : "set",
      "scriptName" : "Sandbox_scroll.script",
      "handlerLine" : 2
    },
    {
      "handlerName" : "on_loginpay",
      "message" : "{UserInfo:{login:{@\"4048458231\":{@\"1\":{_pk_:1001, account_types_linked:\"\", accountnumber:4048734445, added_by:\"\", combinumber:\"448385000012345\", combipin:1111, date_added:\"\", firstname:\"PREESAN\", idnumber:\"821002334556083\", lastname:\"Doe\", password:\"password1\", pinnumber:17283, pk:4048458231, secondary_key:\"\", serial_number:\"\", subflow:\"login\", used_for:\"\", usernumber:1}}}}}",
      "timestamp" : "2021-04-08 17:36:47.895 +0100",
      "identifier" : "Log",
      "scriptName" : "Common_fields\/fields.script",
      "handlerLine" : 3
    },
    {
      "identifier" : "EndTestCase",
      "message" : "(Duration:\"3.376995\", Errors:\"1\", Exceptions:\"0\", StartTime:\"2021-04-08 17:36:47 +0100\", Successes:\"0\", TestCase:\"Sandbox_scroll.script\", Warnings:\"0\")",
      "timestamp" : "2021-04-08 17:36:50.572 +0100"
    },
    {
      "identifier" : "ABORTED",
      "message" : "Execution Time 0:00:03 Sandbox_scroll.script",
      "timestamp" : "2021-04-08 17:36:50.587 +0100"
    }
  ],
  "createdTimestamp" : "2021-04-08 17:36:47.193 +0100"
}