{
  "entries" : [
    {
      "identifier" : "START",
      "message" : "Running Sandbox\/Pay.script",
      "timestamp" : "2021-03-16 10:34:57.202 +0200"
    },
    {
      "identifier" : "EndTestCase",
      "message" : "(Duration:\"0.000184\", Errors:\"0\", Exceptions:\"0\", StartTime:\"2021-03-16 10:34:57 +0200\", Successes:\"1\", TestCase:\"Sandbox\/Pay.script\", Warnings:\"0\")",
      "timestamp" : "2021-03-16 10:34:57.206 +0200"
    },
    {
      "identifier" : "SUCCESS",
      "message" : "Execution Time 0:00:00 Sandbox\/Pay.script",
      "timestamp" : "2021-03-16 10:34:57.217 +0200"
    }
  ],
  "createdTimestamp" : "2021-03-16 10:34:57.205 +0200"
}