{
  "entries" : [
    {
      "identifier" : "START",
      "message" : "Running Testing.script",
      "timestamp" : "2021-03-19 11:18:04.894 +0000"
    },
    {
      "handlerName" : "on_testing",
      "message" : "UAT Release - Absa Banking",
      "timestamp" : "2021-03-19 11:18:04.947 +0000",
      "identifier" : "launchapp",
      "scriptName" : "Testing.script",
      "handlerLine" : 1
    },
    {
      "handlerName" : "on_testing",
      "message" : "\"iPhoneWD\"",
      "timestamp" : "2021-03-19 11:18:04.948 +0000",
      "identifier" : "WebConnect",
      "scriptName" : "Testing.script",
      "handlerLine" : 5
    },
    {
      "identifier" : "EndTestCase",
      "message" : "(Duration:\"0.434678\", Errors:\"0\", Exceptions:\"0\", StartTime:\"2021-03-19 11:18:04 +0000\", Successes:\"1\", TestCase:\"Testing.script\", Warnings:\"0\")",
      "timestamp" : "2021-03-19 11:18:05.334 +0000"
    },
    {
      "identifier" : "SUCCESS",
      "message" : "Execution Time 0:00:00 Testing.script",
      "timestamp" : "2021-03-19 11:18:05.356 +0000"
    }
  ],
  "createdTimestamp" : "2021-03-19 11:18:04.898 +0000"
}