{
  "entries" : [
    {
      "identifier" : "START",
      "message" : "Running Untitled.apitest",
      "timestamp" : "2021-03-18 16:10:45.874 +0000"
    },
    {
      "identifier" : "EndTestCase",
      "message" : "(Duration:\"0.464544\", Errors:\"0\", Exceptions:\"0\", StartTime:\"2021-03-18 16:10:45 +0000\", Successes:\"1\", TestCase:\"Untitled.apitest\", Warnings:\"0\")",
      "timestamp" : "2021-03-18 16:10:46.340 +0000"
    },
    {
      "identifier" : "SUCCESS",
      "message" : "Execution Time 0:00:00 Untitled.apitest",
      "timestamp" : "2021-03-18 16:10:46.349 +0000"
    }
  ],
  "createdTimestamp" : "2021-03-18 16:10:45.875 +0000"
}