{
  "entries" : [
    {
      "identifier" : "START",
      "message" : "Running Untitled.apitest",
      "timestamp" : "2021-03-18 16:24:57.018 +0000"
    },
    {
      "identifier" : "EndTestCase",
      "message" : "(Duration:\"0.465063\", Errors:\"0\", Exceptions:\"0\", StartTime:\"2021-03-18 16:24:57 +0000\", Successes:\"1\", TestCase:\"Untitled.apitest\", Warnings:\"0\")",
      "timestamp" : "2021-03-18 16:24:57.485 +0000"
    },
    {
      "identifier" : "SUCCESS",
      "message" : "Execution Time 0:00:00 Untitled.apitest",
      "timestamp" : "2021-03-18 16:24:57.494 +0000"
    }
  ],
  "createdTimestamp" : "2021-03-18 16:24:57.019 +0000"
}