{
  "entries" : [
    {
      "identifier" : "START",
      "message" : "Running Untitled.apitest",
      "timestamp" : "2021-03-18 16:25:10.525 +0000"
    },
    {
      "identifier" : "EndTestCase",
      "message" : "(Duration:\"0.472976\", Errors:\"0\", Exceptions:\"0\", StartTime:\"2021-03-18 16:25:10 +0000\", Successes:\"1\", TestCase:\"Untitled.apitest\", Warnings:\"0\")",
      "timestamp" : "2021-03-18 16:25:11.000 +0000"
    },
    {
      "identifier" : "SUCCESS",
      "message" : "Execution Time 0:00:00 Untitled.apitest",
      "timestamp" : "2021-03-18 16:25:11.008 +0000"
    }
  ],
  "createdTimestamp" : "2021-03-18 16:25:10.526 +0000"
}