﻿<?xml version="1.0" encoding="UTF-8" ?>
<runHistory script="Untitled">
 <run>
  <RunDate>2021-03-26 15:34:57.359 +0000</RunDate>
  <Status>Aborted</Status>
  <Duration>3.369592</Duration>
  <Errors>1</Errors>
  <Warnings>0</Warnings>
  <Exceptions>0</Exceptions>
  <Successes>0</Successes>
  <LogFile>20210326_153457.359/LogFile.txt</LogFile>
  <ReturnValue></ReturnValue>
  <ErrorMessage></ErrorMessage>
 </run>
 <run>
  <RunDate>2021-04-08 17:36:47.184 +0100</RunDate>
  <Status>Aborted</Status>
  <Duration>3.386384</Duration>
  <Errors>1</Errors>
  <Warnings>0</Warnings>
  <Exceptions>0</Exceptions>
  <Successes>0</Successes>
  <LogFile>20210408_173647.184/LogFile.txt</LogFile>
  <ReturnValue></ReturnValue>
  <ErrorMessage></ErrorMessage>
 </run>
</runHistory>
