{
  "entries" : [
    {
      "identifier" : "START",
      "message" : "Running Generic_functions\/mobile_input.script",
      "timestamp" : "2021-03-30 12:24:09.389 +0100"
    },
    {
      "identifier" : "EndTestCase",
      "message" : "(Duration:\"0.000673\", Errors:\"0\", Exceptions:\"0\", StartTime:\"2021-03-30 12:24:09 +0100\", Successes:\"1\", TestCase:\"Generic_functions\/mobile_input.script\", Warnings:\"0\")",
      "timestamp" : "2021-03-30 12:24:09.393 +0100"
    },
    {
      "identifier" : "SUCCESS",
      "message" : "Execution Time 0:00:00 Generic_functions\/mobile_input.script",
      "timestamp" : "2021-03-30 12:24:09.468 +0100"
    }
  ],
  "createdTimestamp" : "2021-03-30 12:24:09.390 +0100"
}