{
  "entries" : [
    {
      "identifier" : "START",
      "message" : "Running Untitled.apitest",
      "timestamp" : "2021-03-18 16:12:14.484 +0000"
    },
    {
      "identifier" : "EndTestCase",
      "message" : "(Duration:\"0.584082\", Errors:\"0\", Exceptions:\"0\", StartTime:\"2021-03-18 16:12:14 +0000\", Successes:\"1\", TestCase:\"Untitled.apitest\", Warnings:\"0\")",
      "timestamp" : "2021-03-18 16:12:15.070 +0000"
    },
    {
      "identifier" : "SUCCESS",
      "message" : "Execution Time 0:00:00 Untitled.apitest",
      "timestamp" : "2021-03-18 16:12:15.082 +0000"
    }
  ],
  "createdTimestamp" : "2021-03-18 16:12:14.485 +0000"
}