{
  "entries" : [
    {
      "identifier" : "START",
      "message" : "Running Untitled.apitest",
      "timestamp" : "2021-03-18 16:08:57.736 +0000"
    },
    {
      "identifier" : "EndTestCase",
      "message" : "(Duration:\"0.461399\", Errors:\"0\", Exceptions:\"0\", StartTime:\"2021-03-18 16:08:57 +0000\", Successes:\"1\", TestCase:\"Untitled.apitest\", Warnings:\"0\")",
      "timestamp" : "2021-03-18 16:08:58.199 +0000"
    },
    {
      "identifier" : "SUCCESS",
      "message" : "Execution Time 0:00:00 Untitled.apitest",
      "timestamp" : "2021-03-18 16:08:58.208 +0000"
    }
  ],
  "createdTimestamp" : "2021-03-18 16:08:57.737 +0000"
}