{
  "entries" : [
    {
      "identifier" : "START",
      "message" : "Running Sandbox\/Pay.script",
      "timestamp" : "2021-03-16 10:00:04.412 +0200"
    },
    {
      "identifier" : "EndTestCase",
      "message" : "(Duration:\"0.000146\", Errors:\"0\", Exceptions:\"0\", StartTime:\"2021-03-16 10:00:04 +0200\", Successes:\"1\", TestCase:\"Sandbox\/Pay.script\", Warnings:\"0\")",
      "timestamp" : "2021-03-16 10:00:04.414 +0200"
    },
    {
      "identifier" : "SUCCESS",
      "message" : "Execution Time 0:00:00 Sandbox\/Pay.script",
      "timestamp" : "2021-03-16 10:00:04.476 +0200"
    }
  ],
  "createdTimestamp" : "2021-03-16 10:00:04.413 +0200"
}