{
  "entries" : [
    {
      "identifier" : "START",
      "message" : "Running Features\/Payment\/payment_actions.script",
      "timestamp" : "2021-03-16 16:34:27.146 +0200"
    },
    {
      "identifier" : "EndTestCase",
      "message" : "(Duration:\"0.903712\", Errors:\"0\", Exceptions:\"0\", StartTime:\"2021-03-16 16:34:27 +0200\", Successes:\"1\", TestCase:\"Features\/Payment\/payment_actions.script\", Warnings:\"0\")",
      "timestamp" : "2021-03-16 16:34:28.051 +0200"
    },
    {
      "identifier" : "SUCCESS",
      "message" : "Execution Time 0:00:00 Features\/Payment\/payment_actions.script",
      "timestamp" : "2021-03-16 16:34:28.061 +0200"
    }
  ],
  "createdTimestamp" : "2021-03-16 16:34:27.147 +0200"
}