{
  "entries" : [
    {
      "identifier" : "START",
      "message" : "Running Generic_functions\/mobile_input.script",
      "timestamp" : "2021-03-30 12:45:40.901 +0100"
    },
    {
      "identifier" : "EndTestCase",
      "message" : "(Duration:\"0.000342\", Errors:\"0\", Exceptions:\"0\", StartTime:\"2021-03-30 12:45:40 +0100\", Successes:\"1\", TestCase:\"Generic_functions\/mobile_input.script\", Warnings:\"0\")",
      "timestamp" : "2021-03-30 12:45:40.904 +0100"
    },
    {
      "identifier" : "SUCCESS",
      "message" : "Execution Time 0:00:00 Generic_functions\/mobile_input.script",
      "timestamp" : "2021-03-30 12:45:40.982 +0100"
    }
  ],
  "createdTimestamp" : "2021-03-30 12:45:40.903 +0100"
}