{
  "entries" : [
    {
      "identifier" : "START",
      "message" : "Running Untitled.apitest",
      "timestamp" : "2021-03-18 16:24:16.871 +0000"
    },
    {
      "identifier" : "EndTestCase",
      "message" : "(Duration:\"0.467774\", Errors:\"0\", Exceptions:\"0\", StartTime:\"2021-03-18 16:24:16 +0000\", Successes:\"1\", TestCase:\"Untitled.apitest\", Warnings:\"0\")",
      "timestamp" : "2021-03-18 16:24:17.340 +0000"
    },
    {
      "identifier" : "SUCCESS",
      "message" : "Execution Time 0:00:00 Untitled.apitest",
      "timestamp" : "2021-03-18 16:24:17.354 +0000"
    }
  ],
  "createdTimestamp" : "2021-03-18 16:24:16.872 +0000"
}