{
  "entries" : [
    {
      "identifier" : "START",
      "message" : "Running Generic_functions\/mobile_scroll.script",
      "timestamp" : "2021-03-29 15:44:05.515 +0100"
    },
    {
      "handlerName" : "on__main",
      "message" : "Webdriver Capabilities",
      "timestamp" : "2021-03-29 15:44:05.596 +0100",
      "identifier" : "LogSuccess",
      "scriptName" : "Generic_functions\/mobile_scroll.script",
      "handlerLine" : 3
    },
    {
      "handlerName" : "on__main",
      "message" : "{\\n  \"desired\": {\\n    \"AutomationName\": \"Espresso\",\\n    \"deviceName\": \"Galaxy_S9\",\\n    \"newCommandTimeout\": 0,\\n    \"platformName\": \"Android\",\\n    \"platformVersion\": \"10\",\\n    \"udid\": \"227c614329017ece\",\\n    \"username\": \"\"\\n  }\\n}",
      "timestamp" : "2021-03-29 15:44:05.599 +0100",
      "identifier" : "LogSuccess",
      "scriptName" : "Generic_functions\/mobile_scroll.script",
      "handlerLine" : 4
    },
    {
      "handlerName" : "on__main",
      "message" : "Device platform version is: 10",
      "timestamp" : "2021-03-29 15:44:05.612 +0100",
      "identifier" : "LogSuccess",
      "scriptName" : "Generic_functions\/mobile_scroll.script",
      "handlerLine" : 11
    },
    {
      "handlerName" : "on__main",
      "message" : "Device type is Android",
      "timestamp" : "2021-03-29 15:44:05.644 +0100",
      "identifier" : "LogSuccess",
      "scriptName" : "Generic_functions\/mobile_scroll.script",
      "handlerLine" : 20
    },
    {
      "handlerName" : "on_movetoelement_android",
      "message" : "Locating element: obj",
      "timestamp" : "2021-03-29 15:44:05.704 +0100",
      "identifier" : "Log",
      "scriptName" : "Generic_functions\/mobile_scroll.script",
      "handlerLine" : 4
    },
    {
      "handlerName" : "on_movetoelement_android",
      "message" : "[]",
      "timestamp" : "2021-03-29 15:44:05.939 +0100",
      "identifier" : "Log",
      "scriptName" : "Generic_functions\/mobile_scroll.script",
      "handlerLine" : 8
    },
    {
      "handlerName" : "on_movetoelement_android",
      "message" : "Swiping Down to start seach for element",
      "timestamp" : "2021-03-29 15:44:05.943 +0100",
      "identifier" : "Log",
      "scriptName" : "Generic_functions\/mobile_scroll.script",
      "handlerLine" : 11
    },
    {
      "handlerName" : "on_movetoelement_android",
      "message" : "Swiped down from (540, 666) to (540, 1554)",
      "timestamp" : "2021-03-29 15:44:06.220 +0100",
      "identifier" : "swipedown",
      "scriptName" : "Generic_functions\/mobile_scroll.script",
      "handlerLine" : 12
    },
    {
      "identifier" : "EndTestCase",
      "message" : "(Duration:\"1.520406\", Errors:\"1\", Exceptions:\"0\", StartTime:\"2021-03-29 15:44:05 +0100\", Successes:\"4\", TestCase:\"Generic_functions\/mobile_scroll.script\", Warnings:\"0\")",
      "timestamp" : "2021-03-29 15:44:07.042 +0100"
    },
    {
      "identifier" : "ABORTED",
      "message" : "Execution Time 0:00:01 Generic_functions\/mobile_scroll.script",
      "timestamp" : "2021-03-29 15:44:07.046 +0100"
    }
  ],
  "createdTimestamp" : "2021-03-29 15:44:05.521 +0100"
}