{
  "entries" : [
    {
      "identifier" : "START",
      "message" : "Running Sandbox\/Pay.script",
      "timestamp" : "2021-03-16 15:56:36.368 +0200"
    },
    {
      "identifier" : "EndTestCase",
      "message" : "(Duration:\"0.00032\", Errors:\"0\", Exceptions:\"0\", StartTime:\"2021-03-16 15:56:36 +0200\", Successes:\"1\", TestCase:\"Sandbox\/Pay.script\", Warnings:\"0\")",
      "timestamp" : "2021-03-16 15:56:36.370 +0200"
    },
    {
      "identifier" : "SUCCESS",
      "message" : "Execution Time 0:00:00 Sandbox\/Pay.script",
      "timestamp" : "2021-03-16 15:56:36.386 +0200"
    }
  ],
  "createdTimestamp" : "2021-03-16 15:56:36.369 +0200"
}