{
  "entries" : [
    {
      "identifier" : "START",
      "message" : "Running Untitled.apitest",
      "timestamp" : "2021-03-18 16:10:40.643 +0000"
    },
    {
      "identifier" : "EndTestCase",
      "message" : "(Duration:\"0.477232\", Errors:\"0\", Exceptions:\"0\", StartTime:\"2021-03-18 16:10:40 +0000\", Successes:\"1\", TestCase:\"Untitled.apitest\", Warnings:\"0\")",
      "timestamp" : "2021-03-18 16:10:41.122 +0000"
    },
    {
      "identifier" : "SUCCESS",
      "message" : "Execution Time 0:00:00 Untitled.apitest",
      "timestamp" : "2021-03-18 16:10:41.131 +0000"
    }
  ],
  "createdTimestamp" : "2021-03-18 16:10:40.644 +0000"
}