{
  "entries" : [
    {
      "identifier" : "START",
      "message" : "Running Untitled.script",
      "timestamp" : "2021-03-26 15:34:57.362 +0000"
    },
    {
      "identifier" : "EndTestCase",
      "message" : "(Duration:\"3.360968\", Errors:\"1\", Exceptions:\"0\", StartTime:\"2021-03-26 15:34:57 +0000\", Successes:\"0\", TestCase:\"Untitled.script\", Warnings:\"0\")",
      "timestamp" : "2021-03-26 15:35:00.729 +0000"
    },
    {
      "identifier" : "ABORTED",
      "message" : "Execution Time 0:00:03 Untitled.script",
      "timestamp" : "2021-03-26 15:35:00.733 +0000"
    }
  ],
  "createdTimestamp" : "2021-03-26 15:34:57.367 +0000"
}