{
  "entries" : [
    {
      "identifier" : "START",
      "message" : "Running Sandbox\/Pay.script",
      "timestamp" : "2021-03-15 21:23:08.431 +0200"
    },
    {
      "identifier" : "EndTestCase",
      "message" : "(Duration:\"0.000214\", Errors:\"0\", Exceptions:\"0\", StartTime:\"2021-03-15 21:23:08 +0200\", Successes:\"1\", TestCase:\"Sandbox\/Pay.script\", Warnings:\"0\")",
      "timestamp" : "2021-03-15 21:23:08.436 +0200"
    },
    {
      "identifier" : "SUCCESS",
      "message" : "Execution Time 0:00:00 Sandbox\/Pay.script",
      "timestamp" : "2021-03-15 21:23:08.504 +0200"
    }
  ],
  "createdTimestamp" : "2021-03-15 21:23:08.435 +0200"
}